id,process.b1.capacity,process.b2.capacity,process.b3.capacity,process.b4.capacity,property.price,property.product,property.winner,verification.result
0,0,0,2,1,59,1,0,False
1,0,0,2,1,59,2,0,False
2,0,0,2,1,59,4,0,False
3,0,0,2,1,59,6,0,False
4,0,0,2,1,60,1,0,True
5,0,0,2,1,60,1,3,True
6,0,0,2,1,60,1,4,False
7,0,0,2,1,60,2,0,True
8,0,0,2,1,60,2,3,True
9,0,0,2,1,60,2,4,False
10,0,0,2,1,60,4,0,True
11,0,0,2,1,60,4,3,True
12,0,0,2,1,60,4,4,False
13,0,0,2,1,60,6,0,True
14,0,0,2,1,60,6,3,True
15,0,0,2,1,60,6,4,True
16,0,0,2,1,69,3,0,False
17,0,0,2,1,69,5,0,False
18,0,0,2,1,70,3,0,True
19,0,0,2,1,70,3,3,True
20,0,0,2,1,70,3,4,True
21,0,0,2,1,70,5,0,True
22,0,0,2,1,70,5,3,False
23,0,0,2,1,70,5,4,True
24,0,1,1,1,59,1,0,False
25,0,1,1,1,59,4,0,False
26,0,1,1,1,59,6,0,False
27,0,1,1,1,60,1,0,False
28,0,1,1,1,60,4,0,False
29,0,1,1,1,60,6,0,True
30,0,1,1,1,60,6,2,True
31,0,1,1,1,60,6,3,False
32,0,1,1,1,60,6,4,False
33,0,1,1,1,61,1,0,False
34,0,1,1,1,61,4,0,False
35,0,1,1,1,62,1,0,False
36,0,1,1,1,62,4,0,False
37,0,1,1,1,63,1,0,False
38,0,1,1,1,63,4,0,False
39,0,1,1,1,64,1,0,False
40,0,1,1,1,64,4,0,False
41,0,1,1,1,65,1,0,False
42,0,1,1,1,65,4,0,False
43,0,1,1,1,66,1,0,False
44,0,1,1,1,66,4,0,False
45,0,1,1,1,67,1,0,False
46,0,1,1,1,67,4,0,False
47,0,1,1,1,68,1,0,False
48,0,1,1,1,68,4,0,False
49,0,1,1,1,69,1,0,False
50,0,1,1,1,69,3,0,False
51,0,1,1,1,69,4,0,False
52,0,1,1,1,69,5,0,False
53,0,1,1,1,70,1,0,True
54,0,1,1,1,70,1,2,True
55,0,1,1,1,70,1,3,False
56,0,1,1,1,70,1,4,False
57,0,1,1,1,70,3,0,True
58,0,1,1,1,70,3,2,True
59,0,1,1,1,70,3,3,False
60,0,1,1,1,70,3,4,False
61,0,1,1,1,70,4,0,True
62,0,1,1,1,70,4,2,True
63,0,1,1,1,70,4,3,False
64,0,1,1,1,70,4,4,False
65,0,1,1,1,70,5,0,False
66,0,1,1,1,71,5,0,False
67,0,1,1,1,72,5,0,False
68,0,1,1,1,73,5,0,False
69,0,1,1,1,74,5,0,False
70,0,1,1,1,75,5,0,False
71,0,1,1,1,76,5,0,False
72,0,1,1,1,77,5,0,False
73,0,1,1,1,78,5,0,False
74,0,1,1,1,79,5,0,False
75,0,1,1,1,80,5,0,True
76,0,1,1,1,80,5,2,False
77,0,1,1,1,80,5,3,False
78,0,1,1,1,80,5,4,True
79,0,1,2,0,59,1,0,False
80,0,1,2,0,59,2,0,False
81,0,1,2,0,59,4,0,False
82,0,1,2,0,59,6,0,False
83,0,1,2,0,60,1,0,False
84,0,1,2,0,60,2,0,False
85,0,1,2,0,60,4,0,False
86,0,1,2,0,60,6,0,True
87,0,1,2,0,60,6,2,True
88,0,1,2,0,60,6,3,False
89,0,1,2,0,61,1,0,False
90,0,1,2,0,61,2,0,False
91,0,1,2,0,61,4,0,False
92,0,1,2,0,62,1,0,False
93,0,1,2,0,62,2,0,False
94,0,1,2,0,62,4,0,False
95,0,1,2,0,63,1,0,False
96,0,1,2,0,63,2,0,False
97,0,1,2,0,63,4,0,False
98,0,1,2,0,64,1,0,False
99,0,1,2,0,64,2,0,False
100,0,1,2,0,64,4,0,False
101,0,1,2,0,65,1,0,False
102,0,1,2,0,65,2,0,False
103,0,1,2,0,65,4,0,False
104,0,1,2,0,66,1,0,False
105,0,1,2,0,66,2,0,False
106,0,1,2,0,66,4,0,False
107,0,1,2,0,67,1,0,False
108,0,1,2,0,67,2,0,False
109,0,1,2,0,67,4,0,False
110,0,1,2,0,68,1,0,False
111,0,1,2,0,68,2,0,False
112,0,1,2,0,68,4,0,False
113,0,1,2,0,69,1,0,False
114,0,1,2,0,69,2,0,False
115,0,1,2,0,69,3,0,False
116,0,1,2,0,69,4,0,False
117,0,1,2,0,70,1,0,True
118,0,1,2,0,70,1,2,True
119,0,1,2,0,70,1,3,False
120,0,1,2,0,70,2,0,False
121,0,1,2,0,70,3,0,True
122,0,1,2,0,70,3,2,True
123,0,1,2,0,70,3,3,False
124,0,1,2,0,70,4,0,True
125,0,1,2,0,70,4,2,True
126,0,1,2,0,70,4,3,False
127,0,1,2,0,71,2,0,False
128,0,1,2,0,72,2,0,False
129,0,1,2,0,73,2,0,False
130,0,1,2,0,74,2,0,False
131,0,1,2,0,75,2,0,False
132,0,1,2,0,76,2,0,False
133,0,1,2,0,77,2,0,False
134,0,1,2,0,78,2,0,False
135,0,1,2,0,79,2,0,False
136,0,1,2,0,80,2,0,True
137,0,1,2,0,80,2,2,True
138,0,1,2,0,80,2,3,True
139,0,1,2,1,59,1,0,False
140,0,1,2,1,59,2,0,False
141,0,1,2,1,59,4,0,False
142,0,1,2,1,59,6,0,False
143,0,1,2,1,60,1,0,False
144,0,1,2,1,60,2,0,False
145,0,1,2,1,60,4,0,False
146,0,1,2,1,60,6,0,True
147,0,1,2,1,60,6,2,True
148,0,1,2,1,60,6,3,False
149,0,1,2,1,60,6,4,False
150,0,1,2,1,61,1,0,False
151,0,1,2,1,61,2,0,False
152,0,1,2,1,61,4,0,False
153,0,1,2,1,62,1,0,False
154,0,1,2,1,62,2,0,False
155,0,1,2,1,62,4,0,False
156,0,1,2,1,63,1,0,False
157,0,1,2,1,63,2,0,False
158,0,1,2,1,63,4,0,False
159,0,1,2,1,64,1,0,False
160,0,1,2,1,64,2,0,False
161,0,1,2,1,64,4,0,False
162,0,1,2,1,65,1,0,False
163,0,1,2,1,65,2,0,False
164,0,1,2,1,65,4,0,False
165,0,1,2,1,66,1,0,False
166,0,1,2,1,66,2,0,False
167,0,1,2,1,66,4,0,False
168,0,1,2,1,67,1,0,False
169,0,1,2,1,67,2,0,False
170,0,1,2,1,67,4,0,False
171,0,1,2,1,68,1,0,False
172,0,1,2,1,68,2,0,False
173,0,1,2,1,68,4,0,False
174,0,1,2,1,69,1,0,False
175,0,1,2,1,69,2,0,False
176,0,1,2,1,69,3,0,False
177,0,1,2,1,69,4,0,False
178,0,1,2,1,69,5,0,False
179,0,1,2,1,70,1,0,True
180,0,1,2,1,70,1,2,True
181,0,1,2,1,70,1,3,False
182,0,1,2,1,70,1,4,False
183,0,1,2,1,70,2,0,False
184,0,1,2,1,70,3,0,True
185,0,1,2,1,70,3,2,True
186,0,1,2,1,70,3,3,False
187,0,1,2,1,70,3,4,False
188,0,1,2,1,70,4,0,True
189,0,1,2,1,70,4,2,True
190,0,1,2,1,70,4,3,False
191,0,1,2,1,70,4,4,False
192,0,1,2,1,70,5,0,False
193,0,1,2,1,71,2,0,False
194,0,1,2,1,71,5,0,False
195,0,1,2,1,72,2,0,False
196,0,1,2,1,72,5,0,False
197,0,1,2,1,73,2,0,False
198,0,1,2,1,73,5,0,False
199,0,1,2,1,74,2,0,False
200,0,1,2,1,74,5,0,False
201,0,1,2,1,75,2,0,False
202,0,1,2,1,75,5,0,False
203,0,1,2,1,76,2,0,False
204,0,1,2,1,76,5,0,False
205,0,1,2,1,77,2,0,False
206,0,1,2,1,77,5,0,False
207,0,1,2,1,78,2,0,False
208,0,1,2,1,78,5,0,False
209,0,1,2,1,79,2,0,False
210,0,1,2,1,79,5,0,False
211,0,1,2,1,80,2,0,True
212,0,1,2,1,80,2,2,True
213,0,1,2,1,80,2,3,True
214,0,1,2,1,80,2,4,False
215,0,1,2,1,80,5,0,True
216,0,1,2,1,80,5,2,False
217,0,1,2,1,80,5,3,False
218,0,1,2,1,80,5,4,True
219,0,2,1,0,59,1,0,False
220,0,2,1,0,59,4,0,False
221,0,2,1,0,59,6,0,False
222,0,2,1,0,60,1,0,False
223,0,2,1,0,60,4,0,False
224,0,2,1,0,60,6,0,True
225,0,2,1,0,60,6,2,True
226,0,2,1,0,60,6,3,False
227,0,2,1,0,61,1,0,False
228,0,2,1,0,61,4,0,False
229,0,2,1,0,62,1,0,False
230,0,2,1,0,62,4,0,False
231,0,2,1,0,63,1,0,False
232,0,2,1,0,63,4,0,False
233,0,2,1,0,64,1,0,False
234,0,2,1,0,64,4,0,False
235,0,2,1,0,65,1,0,False
236,0,2,1,0,65,4,0,False
237,0,2,1,0,66,1,0,False
238,0,2,1,0,66,4,0,False
239,0,2,1,0,67,1,0,False
240,0,2,1,0,67,4,0,False
241,0,2,1,0,68,1,0,False
242,0,2,1,0,68,4,0,False
243,0,2,1,0,69,1,0,False
244,0,2,1,0,69,3,0,False
245,0,2,1,0,69,4,0,False
246,0,2,1,0,70,1,0,True
247,0,2,1,0,70,1,2,True
248,0,2,1,0,70,1,3,False
249,0,2,1,0,70,3,0,True
250,0,2,1,0,70,3,2,True
251,0,2,1,0,70,3,3,False
252,0,2,1,0,70,4,0,True
253,0,2,1,0,70,4,2,True
254,0,2,1,0,70,4,3,False
255,0,2,1,1,59,1,0,False
256,0,2,1,1,59,4,0,False
257,0,2,1,1,59,6,0,False
258,0,2,1,1,60,1,0,False
259,0,2,1,1,60,4,0,False
260,0,2,1,1,60,6,0,True
261,0,2,1,1,60,6,2,True
262,0,2,1,1,60,6,3,False
263,0,2,1,1,60,6,4,False
264,0,2,1,1,61,1,0,False
265,0,2,1,1,61,4,0,False
266,0,2,1,1,62,1,0,False
267,0,2,1,1,62,4,0,False
268,0,2,1,1,63,1,0,False
269,0,2,1,1,63,4,0,False
270,0,2,1,1,64,1,0,False
271,0,2,1,1,64,4,0,False
272,0,2,1,1,65,1,0,False
273,0,2,1,1,65,4,0,False
274,0,2,1,1,66,1,0,False
275,0,2,1,1,66,4,0,False
276,0,2,1,1,67,1,0,False
277,0,2,1,1,67,4,0,False
278,0,2,1,1,68,1,0,False
279,0,2,1,1,68,4,0,False
280,0,2,1,1,69,1,0,False
281,0,2,1,1,69,3,0,False
282,0,2,1,1,69,4,0,False
283,0,2,1,1,69,5,0,False
284,0,2,1,1,70,1,0,True
285,0,2,1,1,70,1,2,True
286,0,2,1,1,70,1,3,False
287,0,2,1,1,70,1,4,False
288,0,2,1,1,70,3,0,True
289,0,2,1,1,70,3,2,True
290,0,2,1,1,70,3,3,False
291,0,2,1,1,70,3,4,False
292,0,2,1,1,70,4,0,True
293,0,2,1,1,70,4,2,True
294,0,2,1,1,70,4,3,False
295,0,2,1,1,70,4,4,False
296,0,2,1,1,70,5,0,False
297,0,2,1,1,71,5,0,False
298,0,2,1,1,72,5,0,False
299,0,2,1,1,73,5,0,False
300,0,2,1,1,74,5,0,False
301,0,2,1,1,75,5,0,False
302,0,2,1,1,76,5,0,False
303,0,2,1,1,77,5,0,False
304,0,2,1,1,78,5,0,False
305,0,2,1,1,79,5,0,False
306,0,2,1,1,80,5,0,True
307,0,2,1,1,80,5,2,False
308,0,2,1,1,80,5,3,False
309,0,2,1,1,80,5,4,True
310,0,2,2,0,59,1,0,False
311,0,2,2,0,59,2,0,False
312,0,2,2,0,59,4,0,False
313,0,2,2,0,59,6,0,False
314,0,2,2,0,60,1,0,False
315,0,2,2,0,60,2,0,False
316,0,2,2,0,60,4,0,False
317,0,2,2,0,60,6,0,True
318,0,2,2,0,60,6,2,True
319,0,2,2,0,60,6,3,False
320,0,2,2,0,61,1,0,False
321,0,2,2,0,61,2,0,False
322,0,2,2,0,61,4,0,False
323,0,2,2,0,62,1,0,False
324,0,2,2,0,62,2,0,False
325,0,2,2,0,62,4,0,False
326,0,2,2,0,63,1,0,False
327,0,2,2,0,63,2,0,False
328,0,2,2,0,63,4,0,False
329,0,2,2,0,64,1,0,False
330,0,2,2,0,64,2,0,False
331,0,2,2,0,64,4,0,False
332,0,2,2,0,65,1,0,False
333,0,2,2,0,65,2,0,False
334,0,2,2,0,65,4,0,False
335,0,2,2,0,66,1,0,False
336,0,2,2,0,66,2,0,False
337,0,2,2,0,66,4,0,False
338,0,2,2,0,67,1,0,False
339,0,2,2,0,67,2,0,False
340,0,2,2,0,67,4,0,False
341,0,2,2,0,68,1,0,False
342,0,2,2,0,68,2,0,False
343,0,2,2,0,68,4,0,False
344,0,2,2,0,69,1,0,False
345,0,2,2,0,69,2,0,False
346,0,2,2,0,69,3,0,False
347,0,2,2,0,69,4,0,False
348,0,2,2,0,70,1,0,True
349,0,2,2,0,70,1,2,True
350,0,2,2,0,70,1,3,False
351,0,2,2,0,70,2,0,False
352,0,2,2,0,70,3,0,True
353,0,2,2,0,70,3,2,True
354,0,2,2,0,70,3,3,False
355,0,2,2,0,70,4,0,True
356,0,2,2,0,70,4,2,True
357,0,2,2,0,70,4,3,False
358,0,2,2,0,71,2,0,False
359,0,2,2,0,72,2,0,False
360,0,2,2,0,73,2,0,False
361,0,2,2,0,74,2,0,False
362,0,2,2,0,75,2,0,False
363,0,2,2,0,76,2,0,False
364,0,2,2,0,77,2,0,False
365,0,2,2,0,78,2,0,False
366,0,2,2,0,79,2,0,False
367,0,2,2,0,80,2,0,True
368,0,2,2,0,80,2,2,True
369,0,2,2,0,80,2,3,True
370,0,2,2,1,59,1,0,False
371,0,2,2,1,59,2,0,False
372,0,2,2,1,59,4,0,False
373,0,2,2,1,59,6,0,False
374,0,2,2,1,60,1,0,False
375,0,2,2,1,60,2,0,False
376,0,2,2,1,60,4,0,False
377,0,2,2,1,60,6,0,True
378,0,2,2,1,60,6,2,True
379,0,2,2,1,60,6,3,False
380,0,2,2,1,60,6,4,False
381,0,2,2,1,61,1,0,False
382,0,2,2,1,61,2,0,False
383,0,2,2,1,61,4,0,False
384,0,2,2,1,62,1,0,False
385,0,2,2,1,62,2,0,False
386,0,2,2,1,62,4,0,False
387,0,2,2,1,63,1,0,False
388,0,2,2,1,63,2,0,False
389,0,2,2,1,63,4,0,False
390,0,2,2,1,64,1,0,False
391,0,2,2,1,64,2,0,False
392,0,2,2,1,64,4,0,False
393,0,2,2,1,65,1,0,False
394,0,2,2,1,65,2,0,False
395,0,2,2,1,65,4,0,False
396,0,2,2,1,66,1,0,False
397,0,2,2,1,66,2,0,False
398,0,2,2,1,66,4,0,False
399,0,2,2,1,67,1,0,False
400,0,2,2,1,67,2,0,False
401,0,2,2,1,67,4,0,False
402,0,2,2,1,68,1,0,False
403,0,2,2,1,68,2,0,False
404,0,2,2,1,68,4,0,False
405,0,2,2,1,69,1,0,False
406,0,2,2,1,69,2,0,False
407,0,2,2,1,69,3,0,False
408,0,2,2,1,69,4,0,False
409,0,2,2,1,69,5,0,False
410,0,2,2,1,70,1,0,True
411,0,2,2,1,70,1,2,True
412,0,2,2,1,70,1,3,False
413,0,2,2,1,70,1,4,False
414,0,2,2,1,70,2,0,False
415,0,2,2,1,70,3,0,True
416,0,2,2,1,70,3,2,True
417,0,2,2,1,70,3,3,False
418,0,2,2,1,70,3,4,False
419,0,2,2,1,70,4,0,True
420,0,2,2,1,70,4,2,True
421,0,2,2,1,70,4,3,False
422,0,2,2,1,70,4,4,False
423,0,2,2,1,70,5,0,False
424,0,2,2,1,71,2,0,False
425,0,2,2,1,71,5,0,False
426,0,2,2,1,72,2,0,False
427,0,2,2,1,72,5,0,False
428,0,2,2,1,73,2,0,False
429,0,2,2,1,73,5,0,False
430,0,2,2,1,74,2,0,False
431,0,2,2,1,74,5,0,False
432,0,2,2,1,75,2,0,False
433,0,2,2,1,75,5,0,False
434,0,2,2,1,76,2,0,False
435,0,2,2,1,76,5,0,False
436,0,2,2,1,77,2,0,False
437,0,2,2,1,77,5,0,False
438,0,2,2,1,78,2,0,False
439,0,2,2,1,78,5,0,False
440,0,2,2,1,79,2,0,False
441,0,2,2,1,79,5,0,False
442,0,2,2,1,80,2,0,True
443,0,2,2,1,80,2,2,True
444,0,2,2,1,80,2,3,True
445,0,2,2,1,80,2,4,False
446,0,2,2,1,80,5,0,True
447,0,2,2,1,80,5,2,False
448,0,2,2,1,80,5,3,False
449,0,2,2,1,80,5,4,True
450,0,3,1,0,59,1,0,False
451,0,3,1,0,59,4,0,False
452,0,3,1,0,59,6,0,False
453,0,3,1,0,60,1,0,False
454,0,3,1,0,60,4,0,False
455,0,3,1,0,60,6,0,True
456,0,3,1,0,60,6,2,True
457,0,3,1,0,60,6,3,False
458,0,3,1,0,61,1,0,False
459,0,3,1,0,61,4,0,False
460,0,3,1,0,62,1,0,False
461,0,3,1,0,62,4,0,False
462,0,3,1,0,63,1,0,False
463,0,3,1,0,63,4,0,False
464,0,3,1,0,64,1,0,False
465,0,3,1,0,64,4,0,False
466,0,3,1,0,65,1,0,False
467,0,3,1,0,65,4,0,False
468,0,3,1,0,66,1,0,False
469,0,3,1,0,66,4,0,False
470,0,3,1,0,67,1,0,False
471,0,3,1,0,67,4,0,False
472,0,3,1,0,68,1,0,False
473,0,3,1,0,68,4,0,False
474,0,3,1,0,69,1,0,False
475,0,3,1,0,69,3,0,False
476,0,3,1,0,69,4,0,False
477,0,3,1,0,70,1,0,True
478,0,3,1,0,70,1,2,True
479,0,3,1,0,70,1,3,False
480,0,3,1,0,70,3,0,True
481,0,3,1,0,70,3,2,True
482,0,3,1,0,70,3,3,False
483,0,3,1,0,70,4,0,True
484,0,3,1,0,70,4,2,True
485,0,3,1,0,70,4,3,False
486,0,3,1,1,59,1,0,False
487,0,3,1,1,59,4,0,False
488,0,3,1,1,59,6,0,False
489,0,3,1,1,60,1,0,False
490,0,3,1,1,60,4,0,False
491,0,3,1,1,60,6,0,True
492,0,3,1,1,60,6,2,True
493,0,3,1,1,60,6,3,False
494,0,3,1,1,60,6,4,False
495,0,3,1,1,61,1,0,False
496,0,3,1,1,61,4,0,False
497,0,3,1,1,62,1,0,False
498,0,3,1,1,62,4,0,False
499,0,3,1,1,63,1,0,False
500,0,3,1,1,63,4,0,False
501,0,3,1,1,64,1,0,False
502,0,3,1,1,64,4,0,False
503,0,3,1,1,65,1,0,False
504,0,3,1,1,65,4,0,False
505,0,3,1,1,66,1,0,False
506,0,3,1,1,66,4,0,False
507,0,3,1,1,67,1,0,False
508,0,3,1,1,67,4,0,False
509,0,3,1,1,68,1,0,False
510,0,3,1,1,68,4,0,False
511,0,3,1,1,69,1,0,False
512,0,3,1,1,69,3,0,False
513,0,3,1,1,69,4,0,False
514,0,3,1,1,69,5,0,False
515,0,3,1,1,70,1,0,True
516,0,3,1,1,70,1,2,True
517,0,3,1,1,70,1,3,False
518,0,3,1,1,70,1,4,False
519,0,3,1,1,70,3,0,True
520,0,3,1,1,70,3,2,True
521,0,3,1,1,70,3,3,False
522,0,3,1,1,70,3,4,False
523,0,3,1,1,70,4,0,True
524,0,3,1,1,70,4,2,True
525,0,3,1,1,70,4,3,False
526,0,3,1,1,70,4,4,False
527,0,3,1,1,70,5,0,False
528,0,3,1,1,71,5,0,False
529,0,3,1,1,72,5,0,False
530,0,3,1,1,73,5,0,False
531,0,3,1,1,74,5,0,False
532,0,3,1,1,75,5,0,False
533,0,3,1,1,76,5,0,False
534,0,3,1,1,77,5,0,False
535,0,3,1,1,78,5,0,False
536,0,3,1,1,79,5,0,False
537,0,3,1,1,80,5,0,True
538,0,3,1,1,80,5,2,False
539,0,3,1,1,80,5,3,False
540,0,3,1,1,80,5,4,True
541,0,3,2,0,59,1,0,False
542,0,3,2,0,59,2,0,False
543,0,3,2,0,59,4,0,False
544,0,3,2,0,59,6,0,False
545,0,3,2,0,60,1,0,False
546,0,3,2,0,60,2,0,False
547,0,3,2,0,60,4,0,False
548,0,3,2,0,60,6,0,True
549,0,3,2,0,60,6,2,True
550,0,3,2,0,60,6,3,False
551,0,3,2,0,61,1,0,False
552,0,3,2,0,61,2,0,False
553,0,3,2,0,61,4,0,False
554,0,3,2,0,62,1,0,False
555,0,3,2,0,62,2,0,False
556,0,3,2,0,62,4,0,False
557,0,3,2,0,63,1,0,False
558,0,3,2,0,63,2,0,False
559,0,3,2,0,63,4,0,False
560,0,3,2,0,64,1,0,False
561,0,3,2,0,64,2,0,False
562,0,3,2,0,64,4,0,False
563,0,3,2,0,65,1,0,False
564,0,3,2,0,65,2,0,False
565,0,3,2,0,65,4,0,False
566,0,3,2,0,66,1,0,False
567,0,3,2,0,66,2,0,False
568,0,3,2,0,66,4,0,False
569,0,3,2,0,67,1,0,False
570,0,3,2,0,67,2,0,False
571,0,3,2,0,67,4,0,False
572,0,3,2,0,68,1,0,False
573,0,3,2,0,68,2,0,False
574,0,3,2,0,68,4,0,False
575,0,3,2,0,69,1,0,False
576,0,3,2,0,69,2,0,False
577,0,3,2,0,69,3,0,False
578,0,3,2,0,69,4,0,False
579,0,3,2,0,70,1,0,True
580,0,3,2,0,70,1,2,True
581,0,3,2,0,70,1,3,False
582,0,3,2,0,70,2,0,False
583,0,3,2,0,70,3,0,True
584,0,3,2,0,70,3,2,True
585,0,3,2,0,70,3,3,False
586,0,3,2,0,70,4,0,True
587,0,3,2,0,70,4,2,True
588,0,3,2,0,70,4,3,False
589,0,3,2,0,71,2,0,False
590,0,3,2,0,72,2,0,False
591,0,3,2,0,73,2,0,False
592,0,3,2,0,74,2,0,False
593,0,3,2,0,75,2,0,False
594,0,3,2,0,76,2,0,False
595,0,3,2,0,77,2,0,False
596,0,3,2,0,78,2,0,False
597,0,3,2,0,79,2,0,False
598,0,3,2,0,80,2,0,True
599,0,3,2,0,80,2,2,True
600,0,3,2,0,80,2,3,True
601,0,3,2,1,59,1,0,False
602,0,3,2,1,59,2,0,False
603,0,3,2,1,59,4,0,False
604,0,3,2,1,59,6,0,False
605,0,3,2,1,60,1,0,False
606,0,3,2,1,60,2,0,False
607,0,3,2,1,60,4,0,False
608,0,3,2,1,60,6,0,True
609,0,3,2,1,60,6,2,True
610,0,3,2,1,60,6,3,False
611,0,3,2,1,60,6,4,False
612,0,3,2,1,61,1,0,False
613,0,3,2,1,61,2,0,False
614,0,3,2,1,61,4,0,False
615,0,3,2,1,62,1,0,False
616,0,3,2,1,62,2,0,False
617,0,3,2,1,62,4,0,False
618,0,3,2,1,63,1,0,False
619,0,3,2,1,63,2,0,False
620,0,3,2,1,63,4,0,False
621,0,3,2,1,64,1,0,False
622,0,3,2,1,64,2,0,False
623,0,3,2,1,64,4,0,False
624,0,3,2,1,65,1,0,False
625,0,3,2,1,65,2,0,False
626,0,3,2,1,65,4,0,False
627,0,3,2,1,66,1,0,False
628,0,3,2,1,66,2,0,False
629,0,3,2,1,66,4,0,False
630,0,3,2,1,67,1,0,False
631,0,3,2,1,67,2,0,False
632,0,3,2,1,67,4,0,False
633,0,3,2,1,68,1,0,False
634,0,3,2,1,68,2,0,False
635,0,3,2,1,68,4,0,False
636,0,3,2,1,69,1,0,False
637,0,3,2,1,69,2,0,False
638,0,3,2,1,69,3,0,False
639,0,3,2,1,69,4,0,False
640,0,3,2,1,69,5,0,False
641,0,3,2,1,70,1,0,True
642,0,3,2,1,70,1,2,True
643,0,3,2,1,70,1,3,False
644,0,3,2,1,70,1,4,False
645,0,3,2,1,70,2,0,False
646,0,3,2,1,70,3,0,True
647,0,3,2,1,70,3,2,True
648,0,3,2,1,70,3,3,False
649,0,3,2,1,70,3,4,False
650,0,3,2,1,70,4,0,True
651,0,3,2,1,70,4,2,True
652,0,3,2,1,70,4,3,False
653,0,3,2,1,70,4,4,False
654,0,3,2,1,70,5,0,False
655,0,3,2,1,71,2,0,False
656,0,3,2,1,71,5,0,False
657,0,3,2,1,72,2,0,False
658,0,3,2,1,72,5,0,False
659,0,3,2,1,73,2,0,False
660,0,3,2,1,73,5,0,False
661,0,3,2,1,74,2,0,False
662,0,3,2,1,74,5,0,False
663,0,3,2,1,75,2,0,False
664,0,3,2,1,75,5,0,False
665,0,3,2,1,76,2,0,False
666,0,3,2,1,76,5,0,False
667,0,3,2,1,77,2,0,False
668,0,3,2,1,77,5,0,False
669,0,3,2,1,78,2,0,False
670,0,3,2,1,78,5,0,False
671,0,3,2,1,79,2,0,False
672,0,3,2,1,79,5,0,False
673,0,3,2,1,80,2,0,True
674,0,3,2,1,80,2,2,True
675,0,3,2,1,80,2,3,True
676,0,3,2,1,80,2,4,False
677,0,3,2,1,80,5,0,True
678,0,3,2,1,80,5,2,False
679,0,3,2,1,80,5,3,False
680,0,3,2,1,80,5,4,True
681,1,1,2,0,59,2,0,False
682,1,1,2,0,59,6,0,False
683,1,1,2,0,60,2,0,False
684,1,1,2,0,60,6,0,False
685,1,1,2,0,61,2,0,False
686,1,1,2,0,61,6,0,False
687,1,1,2,0,62,2,0,False
688,1,1,2,0,62,6,0,False
689,1,1,2,0,63,2,0,False
690,1,1,2,0,63,6,0,False
691,1,1,2,0,64,2,0,False
692,1,1,2,0,64,6,0,False
693,1,1,2,0,65,2,0,False
694,1,1,2,0,65,6,0,False
695,1,1,2,0,66,2,0,False
696,1,1,2,0,66,6,0,False
697,1,1,2,0,67,2,0,False
698,1,1,2,0,67,6,0,False
699,1,1,2,0,68,2,0,False
700,1,1,2,0,68,6,0,False
701,1,1,2,0,69,2,0,False
702,1,1,2,0,69,3,0,False
703,1,1,2,0,69,6,0,False
704,1,1,2,0,70,2,0,False
705,1,1,2,0,70,3,0,False
706,1,1,2,0,70,6,0,False
707,1,1,2,0,71,2,0,False
708,1,1,2,0,71,3,0,False
709,1,1,2,0,71,6,0,False
710,1,1,2,0,72,2,0,False
711,1,1,2,0,72,3,0,False
712,1,1,2,0,72,6,0,False
713,1,1,2,0,73,2,0,False
714,1,1,2,0,73,3,0,False
715,1,1,2,0,73,6,0,False
716,1,1,2,0,74,2,0,False
717,1,1,2,0,74,3,0,False
718,1,1,2,0,74,6,0,False
719,1,1,2,0,75,2,0,False
720,1,1,2,0,75,3,0,False
721,1,1,2,0,75,6,0,False
722,1,1,2,0,76,2,0,False
723,1,1,2,0,76,3,0,False
724,1,1,2,0,76,6,0,False
725,1,1,2,0,77,2,0,False
726,1,1,2,0,77,3,0,False
727,1,1,2,0,77,6,0,False
728,1,1,2,0,78,2,0,False
729,1,1,2,0,78,3,0,False
730,1,1,2,0,78,6,0,False
731,1,1,2,0,79,2,0,False
732,1,1,2,0,79,3,0,False
733,1,1,2,0,79,6,0,False
734,1,1,2,0,80,2,0,True
735,1,1,2,0,80,2,1,True
736,1,1,2,0,80,2,2,False
737,1,1,2,0,80,2,3,False
738,1,1,2,0,80,3,0,True
739,1,1,2,0,80,3,1,True
740,1,1,2,0,80,3,2,False
741,1,1,2,0,80,3,3,False
742,1,1,2,0,80,6,0,True
743,1,1,2,0,80,6,1,True
744,1,1,2,0,80,6,2,False
745,1,1,2,0,80,6,3,False
746,1,1,2,1,59,2,0,False
747,1,1,2,1,59,6,0,False
748,1,1,2,1,60,2,0,False
749,1,1,2,1,60,6,0,False
750,1,1,2,1,61,2,0,False
751,1,1,2,1,61,6,0,False
752,1,1,2,1,62,2,0,False
753,1,1,2,1,62,6,0,False
754,1,1,2,1,63,2,0,False
755,1,1,2,1,63,6,0,False
756,1,1,2,1,64,2,0,False
757,1,1,2,1,64,6,0,False
758,1,1,2,1,65,2,0,False
759,1,1,2,1,65,6,0,False
760,1,1,2,1,66,2,0,False
761,1,1,2,1,66,6,0,False
762,1,1,2,1,67,2,0,False
763,1,1,2,1,67,6,0,False
764,1,1,2,1,68,2,0,False
765,1,1,2,1,68,6,0,False
766,1,1,2,1,69,2,0,False
767,1,1,2,1,69,3,0,False
768,1,1,2,1,69,5,0,False
769,1,1,2,1,69,6,0,False
770,1,1,2,1,70,2,0,False
771,1,1,2,1,70,3,0,False
772,1,1,2,1,70,5,0,False
773,1,1,2,1,70,6,0,False
774,1,1,2,1,71,2,0,False
775,1,1,2,1,71,3,0,False
776,1,1,2,1,71,5,0,False
777,1,1,2,1,71,6,0,False
778,1,1,2,1,72,2,0,False
779,1,1,2,1,72,3,0,False
780,1,1,2,1,72,5,0,False
781,1,1,2,1,72,6,0,False
782,1,1,2,1,73,2,0,False
783,1,1,2,1,73,3,0,False
784,1,1,2,1,73,5,0,False
785,1,1,2,1,73,6,0,False
786,1,1,2,1,74,2,0,False
787,1,1,2,1,74,3,0,False
788,1,1,2,1,74,5,0,False
789,1,1,2,1,74,6,0,False
790,1,1,2,1,75,2,0,False
791,1,1,2,1,75,3,0,False
792,1,1,2,1,75,5,0,False
793,1,1,2,1,75,6,0,False
794,1,1,2,1,76,2,0,False
795,1,1,2,1,76,3,0,False
796,1,1,2,1,76,5,0,False
797,1,1,2,1,76,6,0,False
798,1,1,2,1,77,2,0,False
799,1,1,2,1,77,3,0,False
800,1,1,2,1,77,5,0,False
801,1,1,2,1,77,6,0,False
802,1,1,2,1,78,2,0,False
803,1,1,2,1,78,3,0,False
804,1,1,2,1,78,5,0,False
805,1,1,2,1,78,6,0,False
806,1,1,2,1,79,2,0,False
807,1,1,2,1,79,3,0,False
808,1,1,2,1,79,5,0,False
809,1,1,2,1,79,6,0,False
810,1,1,2,1,80,2,0,True
811,1,1,2,1,80,2,1,True
812,1,1,2,1,80,2,2,False
813,1,1,2,1,80,2,3,False
814,1,1,2,1,80,2,4,False
815,1,1,2,1,80,3,0,True
816,1,1,2,1,80,3,1,True
817,1,1,2,1,80,3,2,False
818,1,1,2,1,80,3,3,False
819,1,1,2,1,80,3,4,False
820,1,1,2,1,80,5,0,False
821,1,1,2,1,80,6,0,True
822,1,1,2,1,80,6,1,True
823,1,1,2,1,80,6,2,False
824,1,1,2,1,80,6,3,False
825,1,1,2,1,80,6,4,False
826,1,1,2,1,81,5,0,False
827,1,1,2,1,82,5,0,False
828,1,1,2,1,83,5,0,False
829,1,1,2,1,84,5,0,False
830,1,1,2,1,85,5,0,False
831,1,1,2,1,86,5,0,False
832,1,1,2,1,87,5,0,False
833,1,1,2,1,88,5,0,False
834,1,1,2,1,89,5,0,False
835,1,1,2,1,90,5,0,True
836,1,1,2,1,90,5,1,True
837,1,1,2,1,90,5,2,False
838,1,1,2,1,90,5,3,False
839,1,1,2,1,90,5,4,True
840,1,2,2,0,59,1,0,False
841,1,2,2,0,59,2,0,False
842,1,2,2,0,59,4,0,False
843,1,2,2,0,59,6,0,False
844,1,2,2,0,60,1,0,False
845,1,2,2,0,60,2,0,False
846,1,2,2,0,60,4,0,False
847,1,2,2,0,60,6,0,False
848,1,2,2,0,61,1,0,False
849,1,2,2,0,61,2,0,False
850,1,2,2,0,61,4,0,False
851,1,2,2,0,61,6,0,False
852,1,2,2,0,62,1,0,False
853,1,2,2,0,62,2,0,False
854,1,2,2,0,62,4,0,False
855,1,2,2,0,62,6,0,False
856,1,2,2,0,63,1,0,False
857,1,2,2,0,63,2,0,False
858,1,2,2,0,63,4,0,False
859,1,2,2,0,63,6,0,False
860,1,2,2,0,64,1,0,False
861,1,2,2,0,64,2,0,False
862,1,2,2,0,64,4,0,False
863,1,2,2,0,64,6,0,False
864,1,2,2,0,65,1,0,False
865,1,2,2,0,65,2,0,False
866,1,2,2,0,65,4,0,False
867,1,2,2,0,65,6,0,False
868,1,2,2,0,66,1,0,False
869,1,2,2,0,66,2,0,False
870,1,2,2,0,66,4,0,False
871,1,2,2,0,66,6,0,False
872,1,2,2,0,67,1,0,False
873,1,2,2,0,67,2,0,False
874,1,2,2,0,67,4,0,False
875,1,2,2,0,67,6,0,False
876,1,2,2,0,68,1,0,False
877,1,2,2,0,68,2,0,False
878,1,2,2,0,68,4,0,False
879,1,2,2,0,68,6,0,False
880,1,2,2,0,69,1,0,False
881,1,2,2,0,69,2,0,False
882,1,2,2,0,69,3,0,False
883,1,2,2,0,69,4,0,False
884,1,2,2,0,69,6,0,False
885,1,2,2,0,70,1,0,False
886,1,2,2,0,70,2,0,False
887,1,2,2,0,70,3,0,False
888,1,2,2,0,70,4,0,True
889,1,2,2,0,70,4,1,False
890,1,2,2,0,70,4,2,True
891,1,2,2,0,70,4,3,False
892,1,2,2,0,70,6,0,False
893,1,2,2,0,71,1,0,False
894,1,2,2,0,71,2,0,False
895,1,2,2,0,71,3,0,False
896,1,2,2,0,71,6,0,False
897,1,2,2,0,72,1,0,False
898,1,2,2,0,72,2,0,False
899,1,2,2,0,72,3,0,False
900,1,2,2,0,72,6,0,False
901,1,2,2,0,73,1,0,False
902,1,2,2,0,73,2,0,False
903,1,2,2,0,73,3,0,False
904,1,2,2,0,73,6,0,False
905,1,2,2,0,74,1,0,False
906,1,2,2,0,74,2,0,False
907,1,2,2,0,74,3,0,False
908,1,2,2,0,74,6,0,False
909,1,2,2,0,75,1,0,False
910,1,2,2,0,75,2,0,False
911,1,2,2,0,75,3,0,False
912,1,2,2,0,75,6,0,False
913,1,2,2,0,76,1,0,False
914,1,2,2,0,76,2,0,False
915,1,2,2,0,76,3,0,False
916,1,2,2,0,76,6,0,False
917,1,2,2,0,77,1,0,False
918,1,2,2,0,77,2,0,False
919,1,2,2,0,77,3,0,False
920,1,2,2,0,77,6,0,False
921,1,2,2,0,78,1,0,False
922,1,2,2,0,78,2,0,False
923,1,2,2,0,78,3,0,False
924,1,2,2,0,78,6,0,False
925,1,2,2,0,79,1,0,False
926,1,2,2,0,79,2,0,False
927,1,2,2,0,79,3,0,False
928,1,2,2,0,79,6,0,False
929,1,2,2,0,80,1,0,False
930,1,2,2,0,80,2,0,True
931,1,2,2,0,80,2,1,True
932,1,2,2,0,80,2,2,False
933,1,2,2,0,80,2,3,False
934,1,2,2,0,80,3,0,True
935,1,2,2,0,80,3,1,True
936,1,2,2,0,80,3,2,False
937,1,2,2,0,80,3,3,False
938,1,2,2,0,80,6,0,True
939,1,2,2,0,80,6,1,True
940,1,2,2,0,80,6,2,False
941,1,2,2,0,80,6,3,False
942,1,2,2,0,81,1,0,False
943,1,2,2,0,82,1,0,False
944,1,2,2,0,83,1,0,False
945,1,2,2,0,84,1,0,False
946,1,2,2,0,85,1,0,False
947,1,2,2,0,86,1,0,False
948,1,2,2,0,87,1,0,False
949,1,2,2,0,88,1,0,False
950,1,2,2,0,89,1,0,False
951,1,2,2,0,90,1,0,True
952,1,2,2,0,90,1,1,True
953,1,2,2,0,90,1,2,True
954,1,2,2,0,90,1,3,False
955,1,2,2,1,59,1,0,False
956,1,2,2,1,59,2,0,False
957,1,2,2,1,59,4,0,False
958,1,2,2,1,59,6,0,False
959,1,2,2,1,60,1,0,False
960,1,2,2,1,60,2,0,False
961,1,2,2,1,60,4,0,False
962,1,2,2,1,60,6,0,False
963,1,2,2,1,61,1,0,False
964,1,2,2,1,61,2,0,False
965,1,2,2,1,61,4,0,False
966,1,2,2,1,61,6,0,False
967,1,2,2,1,62,1,0,False
968,1,2,2,1,62,2,0,False
969,1,2,2,1,62,4,0,False
970,1,2,2,1,62,6,0,False
971,1,2,2,1,63,1,0,False
972,1,2,2,1,63,2,0,False
973,1,2,2,1,63,4,0,False
974,1,2,2,1,63,6,0,False
975,1,2,2,1,64,1,0,False
976,1,2,2,1,64,2,0,False
977,1,2,2,1,64,4,0,False
978,1,2,2,1,64,6,0,False
979,1,2,2,1,65,1,0,False
980,1,2,2,1,65,2,0,False
981,1,2,2,1,65,4,0,False
982,1,2,2,1,65,6,0,False
983,1,2,2,1,66,1,0,False
984,1,2,2,1,66,2,0,False
985,1,2,2,1,66,4,0,False
986,1,2,2,1,66,6,0,False
987,1,2,2,1,67,1,0,False
988,1,2,2,1,67,2,0,False
989,1,2,2,1,67,4,0,False
990,1,2,2,1,67,6,0,False
991,1,2,2,1,68,1,0,False
992,1,2,2,1,68,2,0,False
993,1,2,2,1,68,4,0,False
994,1,2,2,1,68,6,0,False
995,1,2,2,1,69,1,0,False
996,1,2,2,1,69,2,0,False
997,1,2,2,1,69,3,0,False
998,1,2,2,1,69,4,0,False
999,1,2,2,1,69,5,0,False
1000,1,2,2,1,69,6,0,False
1001,1,2,2,1,70,1,0,False
1002,1,2,2,1,70,2,0,False
1003,1,2,2,1,70,3,0,False
1004,1,2,2,1,70,4,0,True
1005,1,2,2,1,70,4,1,False
1006,1,2,2,1,70,4,2,True
1007,1,2,2,1,70,4,3,False
1008,1,2,2,1,70,4,4,False
1009,1,2,2,1,70,5,0,False
1010,1,2,2,1,70,6,0,False
1011,1,2,2,1,71,1,0,False
1012,1,2,2,1,71,2,0,False
1013,1,2,2,1,71,3,0,False
1014,1,2,2,1,71,5,0,False
1015,1,2,2,1,71,6,0,False
1016,1,2,2,1,72,1,0,False
1017,1,2,2,1,72,2,0,False
1018,1,2,2,1,72,3,0,False
1019,1,2,2,1,72,5,0,False
1020,1,2,2,1,72,6,0,False
1021,1,2,2,1,73,1,0,False
1022,1,2,2,1,73,2,0,False
1023,1,2,2,1,73,3,0,False
1024,1,2,2,1,73,5,0,False
1025,1,2,2,1,73,6,0,False
1026,1,2,2,1,74,1,0,False
1027,1,2,2,1,74,2,0,False
1028,1,2,2,1,74,3,0,False
1029,1,2,2,1,74,5,0,False
1030,1,2,2,1,74,6,0,False
1031,1,2,2,1,75,1,0,False
1032,1,2,2,1,75,2,0,False
1033,1,2,2,1,75,3,0,False
1034,1,2,2,1,75,5,0,False
1035,1,2,2,1,75,6,0,False
1036,1,2,2,1,76,1,0,False
1037,1,2,2,1,76,2,0,False
1038,1,2,2,1,76,3,0,False
1039,1,2,2,1,76,5,0,False
1040,1,2,2,1,76,6,0,False
1041,1,2,2,1,77,1,0,False
1042,1,2,2,1,77,2,0,False
1043,1,2,2,1,77,3,0,False
1044,1,2,2,1,77,5,0,False
1045,1,2,2,1,77,6,0,False
1046,1,2,2,1,78,1,0,False
1047,1,2,2,1,78,2,0,False
1048,1,2,2,1,78,3,0,False
1049,1,2,2,1,78,5,0,False
1050,1,2,2,1,78,6,0,False
1051,1,2,2,1,79,1,0,False
1052,1,2,2,1,79,2,0,False
1053,1,2,2,1,79,3,0,False
1054,1,2,2,1,79,5,0,False
1055,1,2,2,1,79,6,0,False
1056,1,2,2,1,80,1,0,False
1057,1,2,2,1,80,2,0,True
1058,1,2,2,1,80,2,1,True
1059,1,2,2,1,80,2,2,False
1060,1,2,2,1,80,2,3,False
1061,1,2,2,1,80,2,4,False
1062,1,2,2,1,80,3,0,True
1063,1,2,2,1,80,3,1,True
1064,1,2,2,1,80,3,2,False
1065,1,2,2,1,80,3,3,False
1066,1,2,2,1,80,3,4,False
1067,1,2,2,1,80,5,0,False
1068,1,2,2,1,80,6,0,True
1069,1,2,2,1,80,6,1,True
1070,1,2,2,1,80,6,2,False
1071,1,2,2,1,80,6,3,False
1072,1,2,2,1,80,6,4,False
1073,1,2,2,1,81,1,0,False
1074,1,2,2,1,81,5,0,False
1075,1,2,2,1,82,1,0,False
1076,1,2,2,1,82,5,0,False
1077,1,2,2,1,83,1,0,False
1078,1,2,2,1,83,5,0,False
1079,1,2,2,1,84,1,0,False
1080,1,2,2,1,84,5,0,False
1081,1,2,2,1,85,1,0,False
1082,1,2,2,1,85,5,0,False
1083,1,2,2,1,86,1,0,False
1084,1,2,2,1,86,5,0,False
1085,1,2,2,1,87,1,0,False
1086,1,2,2,1,87,5,0,False
1087,1,2,2,1,88,1,0,False
1088,1,2,2,1,88,5,0,False
1089,1,2,2,1,89,1,0,False
1090,1,2,2,1,89,5,0,False
1091,1,2,2,1,90,1,0,True
1092,1,2,2,1,90,1,1,True
1093,1,2,2,1,90,1,2,True
1094,1,2,2,1,90,1,3,False
1095,1,2,2,1,90,1,4,False
1096,1,2,2,1,90,5,0,True
1097,1,2,2,1,90,5,1,True
1098,1,2,2,1,90,5,2,False
1099,1,2,2,1,90,5,3,False
1100,1,2,2,1,90,5,4,True
1101,1,3,2,0,59,1,0,False
1102,1,3,2,0,59,2,0,False
1103,1,3,2,0,59,4,0,False
1104,1,3,2,0,59,6,0,False
1105,1,3,2,0,60,1,0,False
1106,1,3,2,0,60,2,0,False
1107,1,3,2,0,60,4,0,False
1108,1,3,2,0,60,6,0,False
1109,1,3,2,0,61,1,0,False
1110,1,3,2,0,61,2,0,False
1111,1,3,2,0,61,4,0,False
1112,1,3,2,0,61,6,0,False
1113,1,3,2,0,62,1,0,False
1114,1,3,2,0,62,2,0,False
1115,1,3,2,0,62,4,0,False
1116,1,3,2,0,62,6,0,False
1117,1,3,2,0,63,1,0,False
1118,1,3,2,0,63,2,0,False
1119,1,3,2,0,63,4,0,False
1120,1,3,2,0,63,6,0,False
1121,1,3,2,0,64,1,0,False
1122,1,3,2,0,64,2,0,False
1123,1,3,2,0,64,4,0,False
1124,1,3,2,0,64,6,0,False
1125,1,3,2,0,65,1,0,False
1126,1,3,2,0,65,2,0,False
1127,1,3,2,0,65,4,0,False
1128,1,3,2,0,65,6,0,False
1129,1,3,2,0,66,1,0,False
1130,1,3,2,0,66,2,0,False
1131,1,3,2,0,66,4,0,False
1132,1,3,2,0,66,6,0,False
1133,1,3,2,0,67,1,0,False
1134,1,3,2,0,67,2,0,False
1135,1,3,2,0,67,4,0,False
1136,1,3,2,0,67,6,0,False
1137,1,3,2,0,68,1,0,False
1138,1,3,2,0,68,2,0,False
1139,1,3,2,0,68,4,0,False
1140,1,3,2,0,68,6,0,False
1141,1,3,2,0,69,1,0,False
1142,1,3,2,0,69,2,0,False
1143,1,3,2,0,69,3,0,False
1144,1,3,2,0,69,4,0,False
1145,1,3,2,0,69,6,0,False
1146,1,3,2,0,70,1,0,False
1147,1,3,2,0,70,2,0,False
1148,1,3,2,0,70,3,0,False
1149,1,3,2,0,70,4,0,True
1150,1,3,2,0,70,4,1,False
1151,1,3,2,0,70,4,2,True
1152,1,3,2,0,70,4,3,False
1153,1,3,2,0,70,6,0,False
1154,1,3,2,0,71,1,0,False
1155,1,3,2,0,71,2,0,False
1156,1,3,2,0,71,3,0,False
1157,1,3,2,0,71,6,0,False
1158,1,3,2,0,72,1,0,False
1159,1,3,2,0,72,2,0,False
1160,1,3,2,0,72,3,0,False
1161,1,3,2,0,72,6,0,False
1162,1,3,2,0,73,1,0,False
1163,1,3,2,0,73,2,0,False
1164,1,3,2,0,73,3,0,False
1165,1,3,2,0,73,6,0,False
1166,1,3,2,0,74,1,0,False
1167,1,3,2,0,74,2,0,False
1168,1,3,2,0,74,3,0,False
1169,1,3,2,0,74,6,0,False
1170,1,3,2,0,75,1,0,False
1171,1,3,2,0,75,2,0,False
1172,1,3,2,0,75,3,0,False
1173,1,3,2,0,75,6,0,False
1174,1,3,2,0,76,1,0,False
1175,1,3,2,0,76,2,0,False
1176,1,3,2,0,76,3,0,False
1177,1,3,2,0,76,6,0,False
1178,1,3,2,0,77,1,0,False
1179,1,3,2,0,77,2,0,False
1180,1,3,2,0,77,3,0,False
1181,1,3,2,0,77,6,0,False
1182,1,3,2,0,78,1,0,False
1183,1,3,2,0,78,2,0,False
1184,1,3,2,0,78,3,0,False
1185,1,3,2,0,78,6,0,False
1186,1,3,2,0,79,1,0,False
1187,1,3,2,0,79,2,0,False
1188,1,3,2,0,79,3,0,False
1189,1,3,2,0,79,6,0,False
1190,1,3,2,0,80,1,0,False
1191,1,3,2,0,80,2,0,True
1192,1,3,2,0,80,2,1,True
1193,1,3,2,0,80,2,2,False
1194,1,3,2,0,80,2,3,False
1195,1,3,2,0,80,3,0,True
1196,1,3,2,0,80,3,1,True
1197,1,3,2,0,80,3,2,False
1198,1,3,2,0,80,3,3,False
1199,1,3,2,0,80,6,0,True
1200,1,3,2,0,80,6,1,True
1201,1,3,2,0,80,6,2,False
1202,1,3,2,0,80,6,3,False
1203,1,3,2,0,81,1,0,False
1204,1,3,2,0,82,1,0,False
1205,1,3,2,0,83,1,0,False
1206,1,3,2,0,84,1,0,False
1207,1,3,2,0,85,1,0,False
1208,1,3,2,0,86,1,0,False
1209,1,3,2,0,87,1,0,False
1210,1,3,2,0,88,1,0,False
1211,1,3,2,0,89,1,0,False
1212,1,3,2,0,90,1,0,True
1213,1,3,2,0,90,1,1,True
1214,1,3,2,0,90,1,2,True
1215,1,3,2,0,90,1,3,False
1216,1,3,2,1,59,1,0,False
1217,1,3,2,1,59,2,0,False
1218,1,3,2,1,59,4,0,False
1219,1,3,2,1,59,6,0,False
1220,1,3,2,1,60,1,0,False
1221,1,3,2,1,60,2,0,False
1222,1,3,2,1,60,4,0,False
1223,1,3,2,1,60,6,0,False
1224,1,3,2,1,61,1,0,False
1225,1,3,2,1,61,2,0,False
1226,1,3,2,1,61,4,0,False
1227,1,3,2,1,61,6,0,False
1228,1,3,2,1,62,1,0,False
1229,1,3,2,1,62,2,0,False
1230,1,3,2,1,62,4,0,False
1231,1,3,2,1,62,6,0,False
1232,1,3,2,1,63,1,0,False
1233,1,3,2,1,63,2,0,False
1234,1,3,2,1,63,4,0,False
1235,1,3,2,1,63,6,0,False
1236,1,3,2,1,64,1,0,False
1237,1,3,2,1,64,2,0,False
1238,1,3,2,1,64,4,0,False
1239,1,3,2,1,64,6,0,False
1240,1,3,2,1,65,1,0,False
1241,1,3,2,1,65,2,0,False
1242,1,3,2,1,65,4,0,False
1243,1,3,2,1,65,6,0,False
1244,1,3,2,1,66,1,0,False
1245,1,3,2,1,66,2,0,False
1246,1,3,2,1,66,4,0,False
1247,1,3,2,1,66,6,0,False
1248,1,3,2,1,67,1,0,False
1249,1,3,2,1,67,2,0,False
1250,1,3,2,1,67,4,0,False
1251,1,3,2,1,67,6,0,False
1252,1,3,2,1,68,1,0,False
1253,1,3,2,1,68,2,0,False
1254,1,3,2,1,68,4,0,False
1255,1,3,2,1,68,6,0,False
1256,1,3,2,1,69,1,0,False
1257,1,3,2,1,69,2,0,False
1258,1,3,2,1,69,3,0,False
1259,1,3,2,1,69,4,0,False
1260,1,3,2,1,69,5,0,False
1261,1,3,2,1,69,6,0,False
1262,1,3,2,1,70,1,0,False
1263,1,3,2,1,70,2,0,False
1264,1,3,2,1,70,3,0,False
1265,1,3,2,1,70,4,0,True
1266,1,3,2,1,70,4,1,False
1267,1,3,2,1,70,4,2,True
1268,1,3,2,1,70,4,3,False
1269,1,3,2,1,70,4,4,False
1270,1,3,2,1,70,5,0,False
1271,1,3,2,1,70,6,0,False
1272,1,3,2,1,71,1,0,False
1273,1,3,2,1,71,2,0,False
1274,1,3,2,1,71,3,0,False
1275,1,3,2,1,71,5,0,False
1276,1,3,2,1,71,6,0,False
1277,1,3,2,1,72,1,0,False
1278,1,3,2,1,72,2,0,False
1279,1,3,2,1,72,3,0,False
1280,1,3,2,1,72,5,0,False
1281,1,3,2,1,72,6,0,False
1282,1,3,2,1,73,1,0,False
1283,1,3,2,1,73,2,0,False
1284,1,3,2,1,73,3,0,False
1285,1,3,2,1,73,5,0,False
1286,1,3,2,1,73,6,0,False
1287,1,3,2,1,74,1,0,False
1288,1,3,2,1,74,2,0,False
1289,1,3,2,1,74,3,0,False
1290,1,3,2,1,74,5,0,False
1291,1,3,2,1,74,6,0,False
1292,1,3,2,1,75,1,0,False
1293,1,3,2,1,75,2,0,False
1294,1,3,2,1,75,3,0,False
1295,1,3,2,1,75,5,0,False
1296,1,3,2,1,75,6,0,False
1297,1,3,2,1,76,1,0,False
1298,1,3,2,1,76,2,0,False
1299,1,3,2,1,76,3,0,False
1300,1,3,2,1,76,5,0,False
1301,1,3,2,1,76,6,0,False
1302,1,3,2,1,77,1,0,False
1303,1,3,2,1,77,2,0,False
1304,1,3,2,1,77,3,0,False
1305,1,3,2,1,77,5,0,False
1306,1,3,2,1,77,6,0,False
1307,1,3,2,1,78,1,0,False
1308,1,3,2,1,78,2,0,False
1309,1,3,2,1,78,3,0,False
1310,1,3,2,1,78,5,0,False
1311,1,3,2,1,78,6,0,False
1312,1,3,2,1,79,1,0,False
1313,1,3,2,1,79,2,0,False
1314,1,3,2,1,79,3,0,False
1315,1,3,2,1,79,5,0,False
1316,1,3,2,1,79,6,0,False
1317,1,3,2,1,80,1,0,False
1318,1,3,2,1,80,2,0,True
1319,1,3,2,1,80,2,1,True
1320,1,3,2,1,80,2,2,False
1321,1,3,2,1,80,2,3,False
1322,1,3,2,1,80,2,4,False
1323,1,3,2,1,80,3,0,True
1324,1,3,2,1,80,3,1,True
1325,1,3,2,1,80,3,2,False
1326,1,3,2,1,80,3,3,False
1327,1,3,2,1,80,3,4,False
1328,1,3,2,1,80,5,0,False
1329,1,3,2,1,80,6,0,True
1330,1,3,2,1,80,6,1,True
1331,1,3,2,1,80,6,2,False
1332,1,3,2,1,80,6,3,False
1333,1,3,2,1,80,6,4,False
1334,1,3,2,1,81,1,0,False
1335,1,3,2,1,81,5,0,False
1336,1,3,2,1,82,1,0,False
1337,1,3,2,1,82,5,0,False
1338,1,3,2,1,83,1,0,False
1339,1,3,2,1,83,5,0,False
1340,1,3,2,1,84,1,0,False
1341,1,3,2,1,84,5,0,False
1342,1,3,2,1,85,1,0,False
1343,1,3,2,1,85,5,0,False
1344,1,3,2,1,86,1,0,False
1345,1,3,2,1,86,5,0,False
1346,1,3,2,1,87,1,0,False
1347,1,3,2,1,87,5,0,False
1348,1,3,2,1,88,1,0,False
1349,1,3,2,1,88,5,0,False
1350,1,3,2,1,89,1,0,False
1351,1,3,2,1,89,5,0,False
1352,1,3,2,1,90,1,0,True
1353,1,3,2,1,90,1,1,True
1354,1,3,2,1,90,1,2,True
1355,1,3,2,1,90,1,3,False
1356,1,3,2,1,90,1,4,False
1357,1,3,2,1,90,5,0,True
1358,1,3,2,1,90,5,1,True
1359,1,3,2,1,90,5,2,False
1360,1,3,2,1,90,5,3,False
1361,1,3,2,1,90,5,4,True
1362,2,1,2,0,59,2,0,False
1363,2,1,2,0,59,6,0,False
1364,2,1,2,0,60,2,0,False
1365,2,1,2,0,60,6,0,False
1366,2,1,2,0,61,2,0,False
1367,2,1,2,0,61,6,0,False
1368,2,1,2,0,62,2,0,False
1369,2,1,2,0,62,6,0,False
1370,2,1,2,0,63,2,0,False
1371,2,1,2,0,63,6,0,False
1372,2,1,2,0,64,2,0,False
1373,2,1,2,0,64,6,0,False
1374,2,1,2,0,65,2,0,False
1375,2,1,2,0,65,6,0,False
1376,2,1,2,0,66,2,0,False
1377,2,1,2,0,66,6,0,False
1378,2,1,2,0,67,2,0,False
1379,2,1,2,0,67,6,0,False
1380,2,1,2,0,68,2,0,False
1381,2,1,2,0,68,6,0,False
1382,2,1,2,0,69,2,0,False
1383,2,1,2,0,69,3,0,False
1384,2,1,2,0,69,6,0,False
1385,2,1,2,0,70,2,0,False
1386,2,1,2,0,70,3,0,False
1387,2,1,2,0,70,6,0,False
1388,2,1,2,0,71,2,0,False
1389,2,1,2,0,71,3,0,False
1390,2,1,2,0,71,6,0,False
1391,2,1,2,0,72,2,0,False
1392,2,1,2,0,72,3,0,False
1393,2,1,2,0,72,6,0,False
1394,2,1,2,0,73,2,0,False
1395,2,1,2,0,73,3,0,False
1396,2,1,2,0,73,6,0,False
1397,2,1,2,0,74,2,0,False
1398,2,1,2,0,74,3,0,False
1399,2,1,2,0,74,6,0,False
1400,2,1,2,0,75,2,0,False
1401,2,1,2,0,75,3,0,False
1402,2,1,2,0,75,6,0,False
1403,2,1,2,0,76,2,0,False
1404,2,1,2,0,76,3,0,False
1405,2,1,2,0,76,6,0,False
1406,2,1,2,0,77,2,0,False
1407,2,1,2,0,77,3,0,False
1408,2,1,2,0,77,6,0,False
1409,2,1,2,0,78,2,0,False
1410,2,1,2,0,78,3,0,False
1411,2,1,2,0,78,6,0,False
1412,2,1,2,0,79,2,0,False
1413,2,1,2,0,79,3,0,False
1414,2,1,2,0,79,6,0,False
1415,2,1,2,0,80,2,0,True
1416,2,1,2,0,80,2,1,True
1417,2,1,2,0,80,2,2,False
1418,2,1,2,0,80,2,3,False
1419,2,1,2,0,80,3,0,True
1420,2,1,2,0,80,3,1,True
1421,2,1,2,0,80,3,2,False
1422,2,1,2,0,80,3,3,False
1423,2,1,2,0,80,6,0,True
1424,2,1,2,0,80,6,1,True
1425,2,1,2,0,80,6,2,False
1426,2,1,2,0,80,6,3,False
1427,2,1,2,1,59,2,0,False
1428,2,1,2,1,59,6,0,False
1429,2,1,2,1,60,2,0,False
1430,2,1,2,1,60,6,0,False
1431,2,1,2,1,61,2,0,False
1432,2,1,2,1,61,6,0,False
1433,2,1,2,1,62,2,0,False
1434,2,1,2,1,62,6,0,False
1435,2,1,2,1,63,2,0,False
1436,2,1,2,1,63,6,0,False
1437,2,1,2,1,64,2,0,False
1438,2,1,2,1,64,6,0,False
1439,2,1,2,1,65,2,0,False
1440,2,1,2,1,65,6,0,False
1441,2,1,2,1,66,2,0,False
1442,2,1,2,1,66,6,0,False
1443,2,1,2,1,67,2,0,False
1444,2,1,2,1,67,6,0,False
1445,2,1,2,1,68,2,0,False
1446,2,1,2,1,68,6,0,False
1447,2,1,2,1,69,2,0,False
1448,2,1,2,1,69,3,0,False
1449,2,1,2,1,69,5,0,False
1450,2,1,2,1,69,6,0,False
1451,2,1,2,1,70,2,0,False
1452,2,1,2,1,70,3,0,False
1453,2,1,2,1,70,5,0,False
1454,2,1,2,1,70,6,0,False
1455,2,1,2,1,71,2,0,False
1456,2,1,2,1,71,3,0,False
1457,2,1,2,1,71,5,0,False
1458,2,1,2,1,71,6,0,False
1459,2,1,2,1,72,2,0,False
1460,2,1,2,1,72,3,0,False
1461,2,1,2,1,72,5,0,False
1462,2,1,2,1,72,6,0,False
1463,2,1,2,1,73,2,0,False
1464,2,1,2,1,73,3,0,False
1465,2,1,2,1,73,5,0,False
1466,2,1,2,1,73,6,0,False
1467,2,1,2,1,74,2,0,False
1468,2,1,2,1,74,3,0,False
1469,2,1,2,1,74,5,0,False
1470,2,1,2,1,74,6,0,False
1471,2,1,2,1,75,2,0,False
1472,2,1,2,1,75,3,0,False
1473,2,1,2,1,75,5,0,False
1474,2,1,2,1,75,6,0,False
1475,2,1,2,1,76,2,0,False
1476,2,1,2,1,76,3,0,False
1477,2,1,2,1,76,5,0,False
1478,2,1,2,1,76,6,0,False
1479,2,1,2,1,77,2,0,False
1480,2,1,2,1,77,3,0,False
1481,2,1,2,1,77,5,0,False
1482,2,1,2,1,77,6,0,False
1483,2,1,2,1,78,2,0,False
1484,2,1,2,1,78,3,0,False
1485,2,1,2,1,78,5,0,False
1486,2,1,2,1,78,6,0,False
1487,2,1,2,1,79,2,0,False
1488,2,1,2,1,79,3,0,False
1489,2,1,2,1,79,5,0,False
1490,2,1,2,1,79,6,0,False
1491,2,1,2,1,80,2,0,True
1492,2,1,2,1,80,2,1,True
1493,2,1,2,1,80,2,2,False
1494,2,1,2,1,80,2,3,False
1495,2,1,2,1,80,2,4,False
1496,2,1,2,1,80,3,0,True
1497,2,1,2,1,80,3,1,True
1498,2,1,2,1,80,3,2,False
1499,2,1,2,1,80,3,3,False
1500,2,1,2,1,80,3,4,False
1501,2,1,2,1,80,5,0,False
1502,2,1,2,1,80,6,0,True
1503,2,1,2,1,80,6,1,True
1504,2,1,2,1,80,6,2,False
1505,2,1,2,1,80,6,3,False
1506,2,1,2,1,80,6,4,False
1507,2,1,2,1,81,5,0,False
1508,2,1,2,1,82,5,0,False
1509,2,1,2,1,83,5,0,False
1510,2,1,2,1,84,5,0,False
1511,2,1,2,1,85,5,0,False
1512,2,1,2,1,86,5,0,False
1513,2,1,2,1,87,5,0,False
1514,2,1,2,1,88,5,0,False
1515,2,1,2,1,89,5,0,False
1516,2,1,2,1,90,5,0,True
1517,2,1,2,1,90,5,1,True
1518,2,1,2,1,90,5,2,False
1519,2,1,2,1,90,5,3,False
1520,2,1,2,1,90,5,4,True
1521,2,2,2,0,59,1,0,False
1522,2,2,2,0,59,2,0,False
1523,2,2,2,0,59,4,0,False
1524,2,2,2,0,59,6,0,False
1525,2,2,2,0,60,1,0,False
1526,2,2,2,0,60,2,0,False
1527,2,2,2,0,60,4,0,False
1528,2,2,2,0,60,6,0,False
1529,2,2,2,0,61,1,0,False
1530,2,2,2,0,61,2,0,False
1531,2,2,2,0,61,4,0,False
1532,2,2,2,0,61,6,0,False
1533,2,2,2,0,62,1,0,False
1534,2,2,2,0,62,2,0,False
1535,2,2,2,0,62,4,0,False
1536,2,2,2,0,62,6,0,False
1537,2,2,2,0,63,1,0,False
1538,2,2,2,0,63,2,0,False
1539,2,2,2,0,63,4,0,False
1540,2,2,2,0,63,6,0,False
1541,2,2,2,0,64,1,0,False
1542,2,2,2,0,64,2,0,False
1543,2,2,2,0,64,4,0,False
1544,2,2,2,0,64,6,0,False
1545,2,2,2,0,65,1,0,False
1546,2,2,2,0,65,2,0,False
1547,2,2,2,0,65,4,0,False
1548,2,2,2,0,65,6,0,False
1549,2,2,2,0,66,1,0,False
1550,2,2,2,0,66,2,0,False
1551,2,2,2,0,66,4,0,False
1552,2,2,2,0,66,6,0,False
1553,2,2,2,0,67,1,0,False
1554,2,2,2,0,67,2,0,False
1555,2,2,2,0,67,4,0,False
1556,2,2,2,0,67,6,0,False
1557,2,2,2,0,68,1,0,False
1558,2,2,2,0,68,2,0,False
1559,2,2,2,0,68,4,0,False
1560,2,2,2,0,68,6,0,False
1561,2,2,2,0,69,1,0,False
1562,2,2,2,0,69,2,0,False
1563,2,2,2,0,69,3,0,False
1564,2,2,2,0,69,4,0,False
1565,2,2,2,0,69,6,0,False
1566,2,2,2,0,70,1,0,False
1567,2,2,2,0,70,2,0,False
1568,2,2,2,0,70,3,0,False
1569,2,2,2,0,70,4,0,True
1570,2,2,2,0,70,4,1,False
1571,2,2,2,0,70,4,2,True
1572,2,2,2,0,70,4,3,False
1573,2,2,2,0,70,6,0,False
1574,2,2,2,0,71,1,0,False
1575,2,2,2,0,71,2,0,False
1576,2,2,2,0,71,3,0,False
1577,2,2,2,0,71,6,0,False
1578,2,2,2,0,72,1,0,False
1579,2,2,2,0,72,2,0,False
1580,2,2,2,0,72,3,0,False
1581,2,2,2,0,72,6,0,False
1582,2,2,2,0,73,1,0,False
1583,2,2,2,0,73,2,0,False
1584,2,2,2,0,73,3,0,False
1585,2,2,2,0,73,6,0,False
1586,2,2,2,0,74,1,0,False
1587,2,2,2,0,74,2,0,False
1588,2,2,2,0,74,3,0,False
1589,2,2,2,0,74,6,0,False
1590,2,2,2,0,75,1,0,False
1591,2,2,2,0,75,2,0,False
1592,2,2,2,0,75,3,0,False
1593,2,2,2,0,75,6,0,False
1594,2,2,2,0,76,1,0,False
1595,2,2,2,0,76,2,0,False
1596,2,2,2,0,76,3,0,False
1597,2,2,2,0,76,6,0,False
1598,2,2,2,0,77,1,0,False
1599,2,2,2,0,77,2,0,False
1600,2,2,2,0,77,3,0,False
1601,2,2,2,0,77,6,0,False
1602,2,2,2,0,78,1,0,False
1603,2,2,2,0,78,2,0,False
1604,2,2,2,0,78,3,0,False
1605,2,2,2,0,78,6,0,False
1606,2,2,2,0,79,1,0,False
1607,2,2,2,0,79,2,0,False
1608,2,2,2,0,79,3,0,False
1609,2,2,2,0,79,6,0,False
1610,2,2,2,0,80,1,0,False
1611,2,2,2,0,80,2,0,True
1612,2,2,2,0,80,2,1,True
1613,2,2,2,0,80,2,2,False
1614,2,2,2,0,80,2,3,False
1615,2,2,2,0,80,3,0,True
1616,2,2,2,0,80,3,1,True
1617,2,2,2,0,80,3,2,False
1618,2,2,2,0,80,3,3,False
1619,2,2,2,0,80,6,0,True
1620,2,2,2,0,80,6,1,True
1621,2,2,2,0,80,6,2,False
1622,2,2,2,0,80,6,3,False
1623,2,2,2,0,81,1,0,False
1624,2,2,2,0,82,1,0,False
1625,2,2,2,0,83,1,0,False
1626,2,2,2,0,84,1,0,False
1627,2,2,2,0,85,1,0,False
1628,2,2,2,0,86,1,0,False
1629,2,2,2,0,87,1,0,False
1630,2,2,2,0,88,1,0,False
1631,2,2,2,0,89,1,0,False
1632,2,2,2,0,90,1,0,True
1633,2,2,2,0,90,1,1,True
1634,2,2,2,0,90,1,2,True
1635,2,2,2,0,90,1,3,False
1636,2,2,2,1,59,1,0,False
1637,2,2,2,1,59,2,0,False
1638,2,2,2,1,59,4,0,False
1639,2,2,2,1,59,6,0,False
1640,2,2,2,1,60,1,0,False
1641,2,2,2,1,60,2,0,False
1642,2,2,2,1,60,4,0,False
1643,2,2,2,1,60,6,0,False
1644,2,2,2,1,61,1,0,False
1645,2,2,2,1,61,2,0,False
1646,2,2,2,1,61,4,0,False
1647,2,2,2,1,61,6,0,False
1648,2,2,2,1,62,1,0,False
1649,2,2,2,1,62,2,0,False
1650,2,2,2,1,62,4,0,False
1651,2,2,2,1,62,6,0,False
1652,2,2,2,1,63,1,0,False
1653,2,2,2,1,63,2,0,False
1654,2,2,2,1,63,4,0,False
1655,2,2,2,1,63,6,0,False
1656,2,2,2,1,64,1,0,False
1657,2,2,2,1,64,2,0,False
1658,2,2,2,1,64,4,0,False
1659,2,2,2,1,64,6,0,False
1660,2,2,2,1,65,1,0,False
1661,2,2,2,1,65,2,0,False
1662,2,2,2,1,65,4,0,False
1663,2,2,2,1,65,6,0,False
1664,2,2,2,1,66,1,0,False
1665,2,2,2,1,66,2,0,False
1666,2,2,2,1,66,4,0,False
1667,2,2,2,1,66,6,0,False
1668,2,2,2,1,67,1,0,False
1669,2,2,2,1,67,2,0,False
1670,2,2,2,1,67,4,0,False
1671,2,2,2,1,67,6,0,False
1672,2,2,2,1,68,1,0,False
1673,2,2,2,1,68,2,0,False
1674,2,2,2,1,68,4,0,False
1675,2,2,2,1,68,6,0,False
1676,2,2,2,1,69,1,0,False
1677,2,2,2,1,69,2,0,False
1678,2,2,2,1,69,3,0,False
1679,2,2,2,1,69,4,0,False
1680,2,2,2,1,69,5,0,False
1681,2,2,2,1,69,6,0,False
1682,2,2,2,1,70,1,0,False
1683,2,2,2,1,70,2,0,False
1684,2,2,2,1,70,3,0,False
1685,2,2,2,1,70,4,0,True
1686,2,2,2,1,70,4,1,False
1687,2,2,2,1,70,4,2,True
1688,2,2,2,1,70,4,3,False
1689,2,2,2,1,70,4,4,False
1690,2,2,2,1,70,5,0,False
1691,2,2,2,1,70,6,0,False
1692,2,2,2,1,71,1,0,False
1693,2,2,2,1,71,2,0,False
1694,2,2,2,1,71,3,0,False
1695,2,2,2,1,71,5,0,False
1696,2,2,2,1,71,6,0,False
1697,2,2,2,1,72,1,0,False
1698,2,2,2,1,72,2,0,False
1699,2,2,2,1,72,3,0,False
1700,2,2,2,1,72,5,0,False
1701,2,2,2,1,72,6,0,False
1702,2,2,2,1,73,1,0,False
1703,2,2,2,1,73,2,0,False
1704,2,2,2,1,73,3,0,False
1705,2,2,2,1,73,5,0,False
1706,2,2,2,1,73,6,0,False
1707,2,2,2,1,74,1,0,False
1708,2,2,2,1,74,2,0,False
1709,2,2,2,1,74,3,0,False
1710,2,2,2,1,74,5,0,False
1711,2,2,2,1,74,6,0,False
1712,2,2,2,1,75,1,0,False
1713,2,2,2,1,75,2,0,False
1714,2,2,2,1,75,3,0,False
1715,2,2,2,1,75,5,0,False
1716,2,2,2,1,75,6,0,False
1717,2,2,2,1,76,1,0,False
1718,2,2,2,1,76,2,0,False
1719,2,2,2,1,76,3,0,False
1720,2,2,2,1,76,5,0,False
1721,2,2,2,1,76,6,0,False
1722,2,2,2,1,77,1,0,False
1723,2,2,2,1,77,2,0,False
1724,2,2,2,1,77,3,0,False
1725,2,2,2,1,77,5,0,False
1726,2,2,2,1,77,6,0,False
1727,2,2,2,1,78,1,0,False
1728,2,2,2,1,78,2,0,False
1729,2,2,2,1,78,3,0,False
1730,2,2,2,1,78,5,0,False
1731,2,2,2,1,78,6,0,False
1732,2,2,2,1,79,1,0,False
1733,2,2,2,1,79,2,0,False
1734,2,2,2,1,79,3,0,False
1735,2,2,2,1,79,5,0,False
1736,2,2,2,1,79,6,0,False
1737,2,2,2,1,80,1,0,False
1738,2,2,2,1,80,2,0,True
1739,2,2,2,1,80,2,1,True
1740,2,2,2,1,80,2,2,False
1741,2,2,2,1,80,2,3,False
1742,2,2,2,1,80,2,4,False
1743,2,2,2,1,80,3,0,True
1744,2,2,2,1,80,3,1,True
1745,2,2,2,1,80,3,2,False
1746,2,2,2,1,80,3,3,False
1747,2,2,2,1,80,3,4,False
1748,2,2,2,1,80,5,0,False
1749,2,2,2,1,80,6,0,True
1750,2,2,2,1,80,6,1,True
1751,2,2,2,1,80,6,2,False
1752,2,2,2,1,80,6,3,False
1753,2,2,2,1,80,6,4,False
1754,2,2,2,1,81,1,0,False
1755,2,2,2,1,81,5,0,False
1756,2,2,2,1,82,1,0,False
1757,2,2,2,1,82,5,0,False
1758,2,2,2,1,83,1,0,False
1759,2,2,2,1,83,5,0,False
1760,2,2,2,1,84,1,0,False
1761,2,2,2,1,84,5,0,False
1762,2,2,2,1,85,1,0,False
1763,2,2,2,1,85,5,0,False
1764,2,2,2,1,86,1,0,False
1765,2,2,2,1,86,5,0,False
1766,2,2,2,1,87,1,0,False
1767,2,2,2,1,87,5,0,False
1768,2,2,2,1,88,1,0,False
1769,2,2,2,1,88,5,0,False
1770,2,2,2,1,89,1,0,False
1771,2,2,2,1,89,5,0,False
1772,2,2,2,1,90,1,0,True
1773,2,2,2,1,90,1,1,True
1774,2,2,2,1,90,1,2,True
1775,2,2,2,1,90,1,3,False
1776,2,2,2,1,90,1,4,False
1777,2,2,2,1,90,5,0,True
1778,2,2,2,1,90,5,1,True
1779,2,2,2,1,90,5,2,False
1780,2,2,2,1,90,5,3,False
1781,2,2,2,1,90,5,4,True
1782,2,3,2,0,59,1,0,False
1783,2,3,2,0,59,2,0,False
1784,2,3,2,0,59,4,0,False
1785,2,3,2,0,59,6,0,False
1786,2,3,2,0,60,1,0,False
1787,2,3,2,0,60,2,0,False
1788,2,3,2,0,60,4,0,False
1789,2,3,2,0,60,6,0,False
1790,2,3,2,0,61,1,0,False
1791,2,3,2,0,61,2,0,False
1792,2,3,2,0,61,4,0,False
1793,2,3,2,0,61,6,0,False
1794,2,3,2,0,62,1,0,False
1795,2,3,2,0,62,2,0,False
1796,2,3,2,0,62,4,0,False
1797,2,3,2,0,62,6,0,False
1798,2,3,2,0,63,1,0,False
1799,2,3,2,0,63,2,0,False
1800,2,3,2,0,63,4,0,False
1801,2,3,2,0,63,6,0,False
1802,2,3,2,0,64,1,0,False
1803,2,3,2,0,64,2,0,False
1804,2,3,2,0,64,4,0,False
1805,2,3,2,0,64,6,0,False
1806,2,3,2,0,65,1,0,False
1807,2,3,2,0,65,2,0,False
1808,2,3,2,0,65,4,0,False
1809,2,3,2,0,65,6,0,False
1810,2,3,2,0,66,1,0,False
1811,2,3,2,0,66,2,0,False
1812,2,3,2,0,66,4,0,False
1813,2,3,2,0,66,6,0,False
1814,2,3,2,0,67,1,0,False
1815,2,3,2,0,67,2,0,False
1816,2,3,2,0,67,4,0,False
1817,2,3,2,0,67,6,0,False
1818,2,3,2,0,68,1,0,False
1819,2,3,2,0,68,2,0,False
1820,2,3,2,0,68,4,0,False
1821,2,3,2,0,68,6,0,False
1822,2,3,2,0,69,1,0,False
1823,2,3,2,0,69,2,0,False
1824,2,3,2,0,69,3,0,False
1825,2,3,2,0,69,4,0,False
1826,2,3,2,0,69,6,0,False
1827,2,3,2,0,70,1,0,False
1828,2,3,2,0,70,2,0,False
1829,2,3,2,0,70,3,0,False
1830,2,3,2,0,70,4,0,True
1831,2,3,2,0,70,4,1,False
1832,2,3,2,0,70,4,2,True
1833,2,3,2,0,70,4,3,False
1834,2,3,2,0,70,6,0,False
1835,2,3,2,0,71,1,0,False
1836,2,3,2,0,71,2,0,False
1837,2,3,2,0,71,3,0,False
1838,2,3,2,0,71,6,0,False
1839,2,3,2,0,72,1,0,False
1840,2,3,2,0,72,2,0,False
1841,2,3,2,0,72,3,0,False
1842,2,3,2,0,72,6,0,False
1843,2,3,2,0,73,1,0,False
1844,2,3,2,0,73,2,0,False
1845,2,3,2,0,73,3,0,False
1846,2,3,2,0,73,6,0,False
1847,2,3,2,0,74,1,0,False
1848,2,3,2,0,74,2,0,False
1849,2,3,2,0,74,3,0,False
1850,2,3,2,0,74,6,0,False
1851,2,3,2,0,75,1,0,False
1852,2,3,2,0,75,2,0,False
1853,2,3,2,0,75,3,0,False
1854,2,3,2,0,75,6,0,False
1855,2,3,2,0,76,1,0,False
1856,2,3,2,0,76,2,0,False
1857,2,3,2,0,76,3,0,False
1858,2,3,2,0,76,6,0,False
1859,2,3,2,0,77,1,0,False
1860,2,3,2,0,77,2,0,False
1861,2,3,2,0,77,3,0,False
1862,2,3,2,0,77,6,0,False
1863,2,3,2,0,78,1,0,False
1864,2,3,2,0,78,2,0,False
1865,2,3,2,0,78,3,0,False
1866,2,3,2,0,78,6,0,False
1867,2,3,2,0,79,1,0,False
1868,2,3,2,0,79,2,0,False
1869,2,3,2,0,79,3,0,False
1870,2,3,2,0,79,6,0,False
1871,2,3,2,0,80,1,0,False
1872,2,3,2,0,80,2,0,True
1873,2,3,2,0,80,2,1,True
1874,2,3,2,0,80,2,2,False
1875,2,3,2,0,80,2,3,False
1876,2,3,2,0,80,3,0,True
1877,2,3,2,0,80,3,1,True
1878,2,3,2,0,80,3,2,False
1879,2,3,2,0,80,3,3,False
1880,2,3,2,0,80,6,0,True
1881,2,3,2,0,80,6,1,True
1882,2,3,2,0,80,6,2,False
1883,2,3,2,0,80,6,3,False
1884,2,3,2,0,81,1,0,False
1885,2,3,2,0,82,1,0,False
1886,2,3,2,0,83,1,0,False
1887,2,3,2,0,84,1,0,False
1888,2,3,2,0,85,1,0,False
1889,2,3,2,0,86,1,0,False
1890,2,3,2,0,87,1,0,False
1891,2,3,2,0,88,1,0,False
1892,2,3,2,0,89,1,0,False
1893,2,3,2,0,90,1,0,True
1894,2,3,2,0,90,1,1,True
1895,2,3,2,0,90,1,2,True
1896,2,3,2,0,90,1,3,False
1897,2,3,2,1,59,1,0,False
1898,2,3,2,1,59,2,0,False
1899,2,3,2,1,59,4,0,False
1900,2,3,2,1,59,6,0,False
1901,2,3,2,1,60,1,0,False
1902,2,3,2,1,60,2,0,False
1903,2,3,2,1,60,4,0,False
1904,2,3,2,1,60,6,0,False
1905,2,3,2,1,61,1,0,False
1906,2,3,2,1,61,2,0,False
1907,2,3,2,1,61,4,0,False
1908,2,3,2,1,61,6,0,False
1909,2,3,2,1,62,1,0,False
1910,2,3,2,1,62,2,0,False
1911,2,3,2,1,62,4,0,False
1912,2,3,2,1,62,6,0,False
1913,2,3,2,1,63,1,0,False
1914,2,3,2,1,63,2,0,False
1915,2,3,2,1,63,4,0,False
1916,2,3,2,1,63,6,0,False
1917,2,3,2,1,64,1,0,False
1918,2,3,2,1,64,2,0,False
1919,2,3,2,1,64,4,0,False
1920,2,3,2,1,64,6,0,False
1921,2,3,2,1,65,1,0,False
1922,2,3,2,1,65,2,0,False
1923,2,3,2,1,65,4,0,False
1924,2,3,2,1,65,6,0,False
1925,2,3,2,1,66,1,0,False
1926,2,3,2,1,66,2,0,False
1927,2,3,2,1,66,4,0,False
1928,2,3,2,1,66,6,0,False
1929,2,3,2,1,67,1,0,False
1930,2,3,2,1,67,2,0,False
1931,2,3,2,1,67,4,0,False
1932,2,3,2,1,67,6,0,False
1933,2,3,2,1,68,1,0,False
1934,2,3,2,1,68,2,0,False
1935,2,3,2,1,68,4,0,False
1936,2,3,2,1,68,6,0,False
1937,2,3,2,1,69,1,0,False
1938,2,3,2,1,69,2,0,False
1939,2,3,2,1,69,3,0,False
1940,2,3,2,1,69,4,0,False
1941,2,3,2,1,69,5,0,False
1942,2,3,2,1,69,6,0,False
1943,2,3,2,1,70,1,0,False
1944,2,3,2,1,70,2,0,False
1945,2,3,2,1,70,3,0,False
1946,2,3,2,1,70,4,0,True
1947,2,3,2,1,70,4,1,False
1948,2,3,2,1,70,4,2,True
1949,2,3,2,1,70,4,3,False
1950,2,3,2,1,70,4,4,False
1951,2,3,2,1,70,5,0,False
1952,2,3,2,1,70,6,0,False
1953,2,3,2,1,71,1,0,False
1954,2,3,2,1,71,2,0,False
1955,2,3,2,1,71,3,0,False
1956,2,3,2,1,71,5,0,False
1957,2,3,2,1,71,6,0,False
1958,2,3,2,1,72,1,0,False
1959,2,3,2,1,72,2,0,False
1960,2,3,2,1,72,3,0,False
1961,2,3,2,1,72,5,0,False
1962,2,3,2,1,72,6,0,False
1963,2,3,2,1,73,1,0,False
1964,2,3,2,1,73,2,0,False
1965,2,3,2,1,73,3,0,False
1966,2,3,2,1,73,5,0,False
1967,2,3,2,1,73,6,0,False
1968,2,3,2,1,74,1,0,False
1969,2,3,2,1,74,2,0,False
1970,2,3,2,1,74,3,0,False
1971,2,3,2,1,74,5,0,False
1972,2,3,2,1,74,6,0,False
1973,2,3,2,1,75,1,0,False
1974,2,3,2,1,75,2,0,False
1975,2,3,2,1,75,3,0,False
1976,2,3,2,1,75,5,0,False
1977,2,3,2,1,75,6,0,False
1978,2,3,2,1,76,1,0,False
1979,2,3,2,1,76,2,0,False
1980,2,3,2,1,76,3,0,False
1981,2,3,2,1,76,5,0,False
1982,2,3,2,1,76,6,0,False
1983,2,3,2,1,77,1,0,False
1984,2,3,2,1,77,2,0,False
1985,2,3,2,1,77,3,0,False
1986,2,3,2,1,77,5,0,False
1987,2,3,2,1,77,6,0,False
1988,2,3,2,1,78,1,0,False
1989,2,3,2,1,78,2,0,False
1990,2,3,2,1,78,3,0,False
1991,2,3,2,1,78,5,0,False
1992,2,3,2,1,78,6,0,False
1993,2,3,2,1,79,1,0,False
1994,2,3,2,1,79,2,0,False
1995,2,3,2,1,79,3,0,False
1996,2,3,2,1,79,5,0,False
1997,2,3,2,1,79,6,0,False
1998,2,3,2,1,80,1,0,False
1999,2,3,2,1,80,2,0,True
2000,2,3,2,1,80,2,1,True
2001,2,3,2,1,80,2,2,False
2002,2,3,2,1,80,2,3,False
2003,2,3,2,1,80,2,4,False
2004,2,3,2,1,80,3,0,True
2005,2,3,2,1,80,3,1,True
2006,2,3,2,1,80,3,2,False
2007,2,3,2,1,80,3,3,False
2008,2,3,2,1,80,3,4,False
2009,2,3,2,1,80,5,0,False
2010,2,3,2,1,80,6,0,True
2011,2,3,2,1,80,6,1,True
2012,2,3,2,1,80,6,2,False
2013,2,3,2,1,80,6,3,False
2014,2,3,2,1,80,6,4,False
2015,2,3,2,1,81,1,0,False
2016,2,3,2,1,81,5,0,False
2017,2,3,2,1,82,1,0,False
2018,2,3,2,1,82,5,0,False
2019,2,3,2,1,83,1,0,False
2020,2,3,2,1,83,5,0,False
2021,2,3,2,1,84,1,0,False
2022,2,3,2,1,84,5,0,False
2023,2,3,2,1,85,1,0,False
2024,2,3,2,1,85,5,0,False
2025,2,3,2,1,86,1,0,False
2026,2,3,2,1,86,5,0,False
2027,2,3,2,1,87,1,0,False
2028,2,3,2,1,87,5,0,False
2029,2,3,2,1,88,1,0,False
2030,2,3,2,1,88,5,0,False
2031,2,3,2,1,89,1,0,False
2032,2,3,2,1,89,5,0,False
2033,2,3,2,1,90,1,0,True
2034,2,3,2,1,90,1,1,True
2035,2,3,2,1,90,1,2,True
2036,2,3,2,1,90,1,3,False
2037,2,3,2,1,90,1,4,False
2038,2,3,2,1,90,5,0,True
2039,2,3,2,1,90,5,1,True
2040,2,3,2,1,90,5,2,False
2041,2,3,2,1,90,5,3,False
2042,2,3,2,1,90,5,4,True
